{
    "processed_files_count": 7,
    "qpos": {
        "min": [
            -0.6458067297935486,
            0.0,
            -1.8891444206237793,
            -0.29052749276161194,
            -0.26167720556259155,
            -1.047825813293457,
            0.0
        ],
        "max": [
            0.0011519172694534063,
            2.2632381916046143,
            0.0008552113431505859,
            0.7971267700195312,
            0.5745449662208557,
            0.1313709318637848,
            0.9789999723434448
        ]
    },
    "action": {
        "min": [
            -0.6461271047592163,
            0.0005353164742700756,
            -1.8888449668884277,
            -0.290535032749176,
            -0.26050880551338196,
            -1.0475975275039673,
            0.0
        ],
        "max": [
            0.00022232458286453038,
            2.2632346153259277,
            -4.452289307309015e-19,
            0.7997962832450867,
            0.574482262134552,
            0.1302909106016159,
            1.0
        ]
    }
}